{
	"info": {
		"_postman_id": "8639b17e-9197-4163-8b42-240f3ab6b8d6",
		"name": "ASP.NET Core Web API Assignment",
		"schema": "https://schema.getpostman.com/json/collection/v2.1.0/collection.json",
		"_exporter_id": "25093791"
	},
	"item": [
		{
			"name": "GET: /categories",
			"protocolProfileBehavior": {
				"disableBodyPruning": true
			},
			"request": {
				"method": "GET",
				"header": [],
				"body": {
					"mode": "raw",
					"raw": "{\"name\":\"Food\"}",
					"options": {
						"raw": {
							"language": "json"
						}
					}
				},
				"url": {
					"raw": "https://localhost:7289/Category",
					"protocol": "https",
					"host": [
						"localhost"
					],
					"port": "7289",
					"path": [
						"Category"
					]
				}
			},
			"response": []
		},
		{
			"name": "POST: /categories",
			"request": {
				"method": "POST",
				"header": [],
				"url": {
					"raw": "https://localhost:7289/Category",
					"protocol": "https",
					"host": [
						"localhost"
					],
					"port": "7289",
					"path": [
						"Category"
					]
				}
			},
			"response": []
		},
		{
			"name": "GET: /categories/{id}",
			"request": {
				"method": "GET",
				"header": [],
				"url": {
					"raw": "https://localhost:7289/Category/1",
					"protocol": "https",
					"host": [
						"localhost"
					],
					"port": "7289",
					"path": [
						"Category",
						"1"
					]
				}
			},
			"response": []
		},
		{
			"name": "GET: /products",
			"request": {
				"method": "GET",
				"header": [],
				"url": {
					"raw": "https://localhost:7289/Product",
					"protocol": "https",
					"host": [
						"localhost"
					],
					"port": "7289",
					"path": [
						"Product"
					]
				}
			},
			"response": []
		},
		{
			"name": "GET: /products /{id}",
			"request": {
				"method": "GET",
				"header": [],
				"url": {
					"raw": "https://localhost:7289/Product/1",
					"protocol": "https",
					"host": [
						"localhost"
					],
					"port": "7289",
					"path": [
						"Product",
						"1"
					]
				}
			},
			"response": []
		},
		{
			"name": "GET: /products?categoryID={id}",
			"request": {
				"method": "GET",
				"header": [],
				"url": {
					"raw": "https://localhost:7289/Product?CategoryID=1",
					"protocol": "https",
					"host": [
						"localhost"
					],
					"port": "7289",
					"path": [
						"Product"
					],
					"query": [
						{
							"key": "CategoryID",
							"value": "1"
						}
					]
				}
			},
			"response": []
		},
		{
			"name": "DELETE: /products/{id}",
			"request": {
				"method": "DELETE",
				"header": [],
				"body": {
					"mode": "raw",
					"raw": "{\r\n        \"Name\": [\r\n            \"Laptop Updated\"\r\n        ],\r\n        \"Image\": [\r\n            \"/Images/laptop.jpg\"\r\n        ],\r\n        \"Price\": [\r\n            9.9\r\n        ],\r\n        \"ImgURL\": [\r\n            \"/Images/laptop.jpg\"\r\n        ],\r\n        \"Category\": [\r\n            \"Electronics\"\r\n        ]\r\n}\r\n",
					"options": {
						"raw": {
							"language": "json"
						}
					}
				},
				"url": {
					"raw": "https://localhost:7289/Product/4",
					"protocol": "https",
					"host": [
						"localhost"
					],
					"port": "7289",
					"path": [
						"Product",
						"4"
					]
				}
			},
			"response": []
		},
		{
			"name": "POST: /products",
			"request": {
				"method": "POST",
				"header": [],
				"body": {
					"mode": "raw",
					"raw": "{\r\n    \"name\": \"New Watch\",\r\n    \"price\": 10.10,\r\n    \"quantity\": 1,\r\n    \"imgURL\": null,\r\n    \"image\": null,\r\n    \"categoryID\": 1\r\n}",
					"options": {
						"raw": {
							"language": "json"
						}
					}
				},
				"url": {
					"raw": "https://localhost:7289/Product?Name=New%20Smartphone&Price=10.10&Quantity=1&CategoryID=1",
					"protocol": "https",
					"host": [
						"localhost"
					],
					"port": "7289",
					"path": [
						"Product"
					],
					"query": [
						{
							"key": "Name",
							"value": "New%20Smartphone"
						},
						{
							"key": "Price",
							"value": "10.10"
						},
						{
							"key": "Quantity",
							"value": "1"
						},
						{
							"key": "CategoryID",
							"value": "1"
						}
					]
				}
			},
			"response": []
		},
		{
			"name": "PUT: /products/{id}",
			"request": {
				"method": "PUT",
				"header": [],
				"body": {
					"mode": "formdata",
					"formdata": [
						{
							"key": "Name",
							"value": "Updatd SmartPhone",
							"type": "text"
						},
						{
							"key": "Price",
							"value": "12.12",
							"type": "text"
						}
					]
				},
				"url": {
					"raw": "https://localhost:7289/Product/7",
					"protocol": "https",
					"host": [
						"localhost"
					],
					"port": "7289",
					"path": [
						"Product",
						"7"
					]
				}
			},
			"response": []
		}
	]
}